id,name,country,city
1,Marija,Hrvatska,Zagreb
2,Petra,BiH,Sarajevo
3,Petar,Srbija,Beograd
4,Josip,Slovenija,Ljubljana
5,Ana,Njemačka,Berlin
6,Tomislav,Austrija,Beč
7,Tomislav,BiH,Sarajevo
8,Stjepan,Srbija,Beograd
9,Stjepan,Austrija,Beč
10,Ante,BiH,Sarajevo
11,Sara,BiH,Sarajevo
12,Nina,Slovenija,Ljubljana
13,Ante,Srbija,Beograd
14,Katarina,Hrvatska,Zagreb
15,Iva,Njemačka,Berlin
16,Karlo,Hrvatska,Zagreb
17,Tomislav,Srbija,Beograd
18,Nina,Njemačka,Berlin
19,Ana,BiH,Sarajevo
20,Lucija,Hrvatska,Zagreb
21,Josip,Njemačka,Berlin
22,Sara,Austrija,Beč
23,Sara,Srbija,Beograd
24,Marija,Austrija,Beč
25,Nikola,Slovenija,Ljubljana
26,Karlo,Hrvatska,Zagreb
27,Maja,Njemačka,Berlin
28,Nina,Njemačka,Berlin
29,Petra,Srbija,Beograd
30,Marija,Slovenija,Ljubljana
31,Sara,Slovenija,Ljubljana
32,Stjepan,Hrvatska,Zagreb
33,Josip,Austrija,Beč
34,Ivan,Austrija,Beč
35,Ivan,BiH,Sarajevo
36,Nikola,Austrija,Beč
37,Iva,Njemačka,Berlin
38,Nikola,Hrvatska,Zagreb
39,Ivana,Srbija,Beograd
40,Nina,Slovenija,Ljubljana
41,Nikola,Hrvatska,Zagreb
42,Ante,Srbija,Beograd
43,Marija,Austrija,Beč
44,Stjepan,Slovenija,Ljubljana
45,Iva,Austrija,Beč
46,Nina,Austrija,Beč
47,Ivana,Njemačka,Berlin
48,Petar,BiH,Sarajevo
49,Ana,Srbija,Beograd
50,Sara,Njemačka,Berlin
51,Karlo,Slovenija,Ljubljana
52,Nikola,Slovenija,Ljubljana
53,Iva,Srbija,Beograd
54,Marko,Austrija,Beč
55,Iva,BiH,Sarajevo
56,Tomislav,Austrija,Beč
57,Nina,Srbija,Beograd
58,Marko,Srbija,Beograd
59,Josip,Austrija,Beč
60,Nina,Slovenija,Ljubljana
61,Sara,Srbija,Beograd
62,Ivana,Njemačka,Berlin
63,Maja,BiH,Sarajevo
64,Lucija,Hrvatska,Zagreb
65,Maja,Hrvatska,Zagreb
66,Ivana,Austrija,Beč
67,Nikola,Njemačka,Berlin
68,Ivan,BiH,Sarajevo
69,Ana,BiH,Sarajevo
70,Ante,Hrvatska,Zagreb
71,Lucija,Slovenija,Ljubljana
72,Lucija,Njemačka,Berlin
73,Josip,Srbija,Beograd
74,Nikola,BiH,Sarajevo
75,Marija,Slovenija,Ljubljana
76,Iva,Slovenija,Ljubljana
77,Nina,Hrvatska,Zagreb
78,Petar,Hrvatska,Zagreb
79,Sara,Hrvatska,Zagreb
80,Iva,Njemačka,Berlin
81,Nikola,Njemačka,Berlin
82,Stjepan,Njemačka,Berlin
83,Marko,Hrvatska,Zagreb
84,Josip,BiH,Sarajevo
85,Tomislav,Slovenija,Ljubljana
86,Ante,Njemačka,Berlin
87,Marko,Njemačka,Berlin
88,Tomislav,Slovenija,Ljubljana
89,Marko,BiH,Sarajevo
90,Marija,Slovenija,Ljubljana
91,Marko,BiH,Sarajevo
92,Tomislav,Srbija,Beograd
93,Nina,Hrvatska,Zagreb
94,Petra,Srbija,Beograd
95,Sara,BiH,Sarajevo
96,Iva,Slovenija,Ljubljana
97,Stjepan,Austrija,Beč
98,Josip,Hrvatska,Zagreb
99,Petar,Austrija,Beč
100,Katarina,Austrija,Beč
34,Ivan,Austrija,Beč
40,Nina,Slovenija,Ljubljana
38,Nikola,Hrvatska,Zagreb
71,Lucija,Slovenija,Ljubljana
42,Ante,Srbija,Beograd
11,Sara,BiH,Sarajevo
78,Petar,Hrvatska,Zagreb
68,Ivan,BiH,Sarajevo
59,Josip,Austrija,Beč
69,Ana,BiH,Sarajevo
111,Maja,,Berlin
112,Karlo,,Ljubljana
113,Petra,,Beč
114,Marija,BiH,
115,Ivan,Srbija,
116,Iva,Slovenija,
117,Sara,,Ljubljana
118,,Hrvatska,Zagreb
119,,Srbija,Beograd
120,Nina,Njemačka,
121,katarina,Austrija, Beč 
122,ivan,Hrvatska, Zagreb 
123,nikola,Slovenija, Ljubljana 
124,ante,Srbija, Beograd 
125,stjepan,BiH, Sarajevo 
126,nikola,Hrvatska, Zagreb 
127,sara,Hrvatska, Zagreb 
128,tomislav,Srbija, Beograd 
129,petar,Slovenija, Ljubljana 
130,katarina,BiH, Sarajevo 
